CREATE TABLE empleados (
    ID_EMPLEADO INT PRIMARY KEY,
    NOMBRE VARCHAR(15),
    APELLIDO VARCHAR(15),
    EMAIL VARCHAR(15),
    TELEFONO VARCHAR(20),
    FECHA_EN VARCHAR(10),
    ID_TRABAJO VARCHAR(12),
    SALARIO DOUBLE,
    COMISION DOUBLE,
    ID_MANAGER INT,
    ID_DEPARTAMENTO INT
);

CREATE TABLE locaciones (
    ID_LOCACION INT PRIMARY KEY,
    DIRECCION VARCHAR(45),
    CODIGO_POSTAL VARCHAR(10),
    CIUDAD VARCHAR(20),
    ESTADO_PROVINCIA VARCHAR(20),
    ID_PAIS VARCHAR(2)
);

CREATE TABLE departamentos (
    ID_DEPARTAMENTO INT PRIMARY KEY,
    NOMBRE VARCHAR(22),
    ID_MANAGER INT,
    ID_LOCACION INT,
    FOREIGN KEY (ID_MANAGER) REFERENCES empleados(ID_EMPLEADO),
    FOREIGN KEY (ID_LOCACION) REFERENCES locaciones(ID_LOCACION)
);

INSERT INTO empleados (ID_EMPLEADO, NOMBRE, APELLIDO, EMAIL, TELEFONO, FECHA_EN, ID_TRABAJO, SALARIO, COMISION, ID_MANAGER, ID_DEPARTAMENTO) 
VALUES (100, 'Steven', 'King', 'SKING', '515.123.4567', '2003-06-17', 'AD_PRES', 24000.00, 0.00, NULL, 90);

INSERT INTO empleados (ID_EMPLEADO, NOMBRE, APELLIDO, EMAIL, TELEFONO, FECHA_EN, ID_TRABAJO, SALARIO, COMISION, ID_MANAGER, ID_DEPARTAMENTO) VALUES (101, "Neena", "Kochhar", "NKOCHHAR", "515.123.4568", "2005-09-21", "AD_VP", 17000.00, 0.00, 100, 90);
INSERT INTO empleados (ID_EMPLEADO, NOMBRE, APELLIDO, EMAIL, TELEFONO, FECHA_EN, ID_TRABAJO, SALARIO, COMISION, ID_MANAGER, ID_DEPARTAMENTO) VALUES (102, "Lex", "De Haan", "LDEHAAN", "515.123.4569", "2001-01-13", "AD_VP", 17000.00, 0.00, 100, 90);
INSERT INTO empleados (ID_EMPLEADO, NOMBRE, APELLIDO, EMAIL, TELEFONO, FECHA_EN, ID_TRABAJO, SALARIO, COMISION, ID_MANAGER, ID_DEPARTAMENTO) VALUES (103, "Alexander", "Hunold", "AHUNOLD", "590.423.4567", "2006-01-03", "IT_PROG", 9000.00, 0.00, 102, 60);
INSERT INTO empleados (ID_EMPLEADO, NOMBRE, APELLIDO, EMAIL, TELEFONO, FECHA_EN, ID_TRABAJO, SALARIO, COMISION, ID_MANAGER, ID_DEPARTAMENTO) VALUES (104, "Bruce", "Ernst", "BERNST", "590.423.4568", "2007-05-21", "IT_PROG", 6000.00, 0.00, 103, 60);
INSERT INTO empleados (ID_EMPLEADO, NOMBRE, APELLIDO, EMAIL, TELEFONO, FECHA_EN, ID_TRABAJO, SALARIO, COMISION, ID_MANAGER, ID_DEPARTAMENTO) VALUES (105, "David", "Austin", "DAUSTIN", "590.423.4569", "2005-06-25", "IT_PROG", 4800.00, 0.00, 103, 60);
INSERT INTO empleados (ID_EMPLEADO, NOMBRE, APELLIDO, EMAIL, TELEFONO, FECHA_EN, ID_TRABAJO, SALARIO, COMISION, ID_MANAGER, ID_DEPARTAMENTO) VALUES (106, "Valli", "Pataballa", "VPATABAL", "590.423.4560", "2006-02-05", "IT_PROG", 4800.00, 0.00, 103, 60);
INSERT INTO empleados (ID_EMPLEADO, NOMBRE, APELLIDO, EMAIL, TELEFONO, FECHA_EN, ID_TRABAJO, SALARIO, COMISION, ID_MANAGER, ID_DEPARTAMENTO) VALUES (107, "Diana", "Lorentz", "DLORENTZ", "590.423.5567", "2007-02-07", "IT_PROG", 4200.00, 0.00, 103, 60);
INSERT INTO empleados (ID_EMPLEADO, NOMBRE, APELLIDO, EMAIL, TELEFONO, FECHA_EN, ID_TRABAJO, SALARIO, COMISION, ID_MANAGER, ID_DEPARTAMENTO) VALUES (108, "Nancy", "Greenberg", "NGREENBE", "515.124.4569", "2002-08-17", "FI_MGR", 12008.00, 0.00, 101, 100);
INSERT INTO empleados (ID_EMPLEADO, NOMBRE, APELLIDO, EMAIL, TELEFONO, FECHA_EN, ID_TRABAJO, SALARIO, COMISION, ID_MANAGER, ID_DEPARTAMENTO) VALUES (109, "Daniel", "Faviet", "DFAVIET", "515.124.4169", "2002-08-16", "FI_ACCOUNT", 9000.00, 0.00, 108, 100);
INSERT INTO empleados (ID_EMPLEADO, NOMBRE, APELLIDO, EMAIL, TELEFONO, FECHA_EN, ID_TRABAJO, SALARIO, COMISION, ID_MANAGER, ID_DEPARTAMENTO) VALUES (110, "John", "Chen", "JCHEN", "515.124.4269", "2005-09-28", "FI_ACCOUNT", 8200.00, 0.00, 108, 100);
INSERT INTO empleados (ID_EMPLEADO, NOMBRE, APELLIDO, EMAIL, TELEFONO, FECHA_EN, ID_TRABAJO, SALARIO, COMISION, ID_MANAGER, ID_DEPARTAMENTO) VALUES (111, "Ismael", "Sciarra", "ISCIARRA", "515.124.4369", "2005-09-30", "FI_ACCOUNT", 7700.00, 0.00, 108, 100);
INSERT INTO empleados (ID_EMPLEADO, NOMBRE, APELLIDO, EMAIL, TELEFONO, FECHA_EN, ID_TRABAJO, SALARIO, COMISION, ID_MANAGER, ID_DEPARTAMENTO) VALUES (112, "Jose Manuel", "Urman", "JMURMAN", "515.124.4469", "2006-03-07", "FI_ACCOUNT", 7800.00, 0.00, 108, 100);
INSERT INTO empleados (ID_EMPLEADO, NOMBRE, APELLIDO, EMAIL, TELEFONO, FECHA_EN, ID_TRABAJO, SALARIO, COMISION, ID_MANAGER, ID_DEPARTAMENTO) VALUES (113, "Luis", "Popp", "LPOPP", "515.124.4567", "2007-12-07", "FI_ACCOUNT", 6900.00, 0.00, 108, 100);
INSERT INTO empleados (ID_EMPLEADO, NOMBRE, APELLIDO, EMAIL, TELEFONO, FECHA_EN, ID_TRABAJO, SALARIO, COMISION, ID_MANAGER, ID_DEPARTAMENTO) VALUES (114, "Den", "Raphaely", "DRAPHEAL", "515.127.4561", "2002-12-07", "PU_MAN", 11000.00, 0.00, 100, 30);
INSERT INTO empleados (ID_EMPLEADO, NOMBRE, APELLIDO, EMAIL, TELEFONO, FECHA_EN, ID_TRABAJO, SALARIO, COMISION, ID_MANAGER, ID_DEPARTAMENTO) VALUES (115, "Alexander", "Khoo", "AKHOO", "515.127.4562", "2003-05-18", "PU_CLERK", 3100.00, 0.00, 114, 30);
INSERT INTO empleados (ID_EMPLEADO, NOMBRE, APELLIDO, EMAIL, TELEFONO, FECHA_EN, ID_TRABAJO, SALARIO, COMISION, ID_MANAGER, ID_DEPARTAMENTO) VALUES (116, "Shelli", "Baida", "SBAIDA", "515.127.4563", "2005-12-24", "PU_CLERK", 2900.00, 0.00, 114, 30);
INSERT INTO empleados (ID_EMPLEADO, NOMBRE, APELLIDO, EMAIL, TELEFONO, FECHA_EN, ID_TRABAJO, SALARIO, COMISION, ID_MANAGER, ID_DEPARTAMENTO) VALUES (117, "Sigal", "Tobias", "STOBIAS", "515.127.4564", "2005-07-24", "PU_CLERK", 2800.00, 0.00, 114, 30);
INSERT INTO empleados (ID_EMPLEADO, NOMBRE, APELLIDO, EMAIL, TELEFONO, FECHA_EN, ID_TRABAJO, SALARIO, COMISION, ID_MANAGER, ID_DEPARTAMENTO) VALUES (118, "Guy", "Himuro", "GHIMURO", "515.127.4565", "2006-11-15", "PU_CLERK", 2600.00, 0.00, 114, 30);
INSERT INTO empleados (ID_EMPLEADO, NOMBRE, APELLIDO, EMAIL, TELEFONO, FECHA_EN, ID_TRABAJO, SALARIO, COMISION, ID_MANAGER, ID_DEPARTAMENTO) VALUES (119, "Karen", "Colmenares", "KCOLMENA", "515.127.4566", "2007-08-10", "PU_CLERK", 2500.00, 0.00, 114, 30);
INSERT INTO empleados (ID_EMPLEADO, NOMBRE, APELLIDO, EMAIL, TELEFONO, FECHA_EN, ID_TRABAJO, SALARIO, COMISION, ID_MANAGER, ID_DEPARTAMENTO) VALUES (120, "Matthew", "Weiss", "MWEISS", "650.123.1234", "2004-07-18", "ST_MAN", 8000.00, 0.00, 100, 50);
INSERT INTO empleados (ID_EMPLEADO, NOMBRE, APELLIDO, EMAIL, TELEFONO, FECHA_EN, ID_TRABAJO, SALARIO, COMISION, ID_MANAGER, ID_DEPARTAMENTO) VALUES (121, "Adam", "Fripp", "AFRIPP", "650.123.2234", "2005-04-10", "ST_MAN", 8200.00, 0.00, 100, 50);
INSERT INTO empleados (ID_EMPLEADO, NOMBRE, APELLIDO, EMAIL, TELEFONO, FECHA_EN, ID_TRABAJO, SALARIO, COMISION, ID_MANAGER, ID_DEPARTAMENTO) VALUES (122, "Payam", "Kaufling", "PKAUFLIN", "650.123.3234", "2003-05-01", "ST_MAN", 7900.00, 0.00, 100, 50);
INSERT INTO empleados (ID_EMPLEADO, NOMBRE, APELLIDO, EMAIL, TELEFONO, FECHA_EN, ID_TRABAJO, SALARIO, COMISION, ID_MANAGER, ID_DEPARTAMENTO) VALUES (123, "Shanta", "Vollman", "SVOLLMAN", "650.123.4234", "2005-10-10", "ST_MAN", 6500.00, 0.00, 100, 50);
INSERT INTO empleados (ID_EMPLEADO, NOMBRE, APELLIDO, EMAIL, TELEFONO, FECHA_EN, ID_TRABAJO, SALARIO, COMISION, ID_MANAGER, ID_DEPARTAMENTO) VALUES (124, "Kevin", "Mourgos", "KMOURGOS", "650.123.5234", "2007-11-16", "ST_MAN", 5800.00, 0.00, 100, 50);
INSERT INTO empleados (ID_EMPLEADO, NOMBRE, APELLIDO, EMAIL, TELEFONO, FECHA_EN, ID_TRABAJO, SALARIO, COMISION, ID_MANAGER, ID_DEPARTAMENTO) VALUES (125, "Julia", "Nayer", "JNAYER", "650.124.1214", "2005-07-16", "ST_CLERK", 3200.00, 0.00, 120, 50);
INSERT INTO empleados (ID_EMPLEADO, NOMBRE, APELLIDO, EMAIL, TELEFONO, FECHA_EN, ID_TRABAJO, SALARIO, COMISION, ID_MANAGER, ID_DEPARTAMENTO) VALUES (126, "Irene", "Mikkilineni", "IMIKKILI", "650.124.1224", "2006-09-28", "ST_CLERK", 2700.00, 0.00, 120, 50);
INSERT INTO empleados (ID_EMPLEADO, NOMBRE, APELLIDO, EMAIL, TELEFONO, FECHA_EN, ID_TRABAJO, SALARIO, COMISION, ID_MANAGER, ID_DEPARTAMENTO) VALUES (127, "James", "Landry", "JLANDRY", "650.124.1334", "2007-01-14", "ST_CLERK", 2400.00, 0.00, 120, 50);
INSERT INTO empleados (ID_EMPLEADO, NOMBRE, APELLIDO, EMAIL, TELEFONO, FECHA_EN, ID_TRABAJO, SALARIO, COMISION, ID_MANAGER, ID_DEPARTAMENTO) VALUES (128, "Steven", "Markle", "SMARKLE", "650.124.1434", "2008-03-08", "ST_CLERK", 2200.00, 0.00, 120, 50);
INSERT INTO empleados (ID_EMPLEADO, NOMBRE, APELLIDO, EMAIL, TELEFONO, FECHA_EN, ID_TRABAJO, SALARIO, COMISION, ID_MANAGER, ID_DEPARTAMENTO) VALUES (129, "Laura", "Bissot", "LBISSOT", "650.124.5234", "2005-08-20", "ST_CLERK", 3300.00, 0.00, 121, 50);
INSERT INTO empleados (ID_EMPLEADO, NOMBRE, APELLIDO, EMAIL, TELEFONO, FECHA_EN, ID_TRABAJO, SALARIO, COMISION, ID_MANAGER, ID_DEPARTAMENTO) VALUES (130, "Mozhe", "Atkinson", "MATKINSO", "650.124.6234", "2005-10-30", "ST_CLERK", 2800.00, 0.00, 121, 50);
INSERT INTO empleados (ID_EMPLEADO, NOMBRE, APELLIDO, EMAIL, TELEFONO, FECHA_EN, ID_TRABAJO, SALARIO, COMISION, ID_MANAGER, ID_DEPARTAMENTO) VALUES (131, "James", "Marlow", "JAMRLOW", "650.124.7234", "2005-02-16", "ST_CLERK", 2500.00, 0.00, 121, 50);
INSERT INTO empleados (ID_EMPLEADO, NOMBRE, APELLIDO, EMAIL, TELEFONO, FECHA_EN, ID_TRABAJO, SALARIO, COMISION, ID_MANAGER, ID_DEPARTAMENTO) VALUES (132, "TJ", "Olson", "TJOLSON", "650.124.8234", "2007-04-10", "ST_CLERK", 2100.00, 0.00, 121, 50);
INSERT INTO empleados (ID_EMPLEADO, NOMBRE, APELLIDO, EMAIL, TELEFONO, FECHA_EN, ID_TRABAJO, SALARIO, COMISION, ID_MANAGER, ID_DEPARTAMENTO) VALUES (133, "Jason", "Mallin", "JMALLIN", "650.127.1934", "2004-06-14", "ST_CLERK", 3300.00, 0.00, 122, 50);
INSERT INTO empleados (ID_EMPLEADO, NOMBRE, APELLIDO, EMAIL, TELEFONO, FECHA_EN, ID_TRABAJO, SALARIO, COMISION, ID_MANAGER, ID_DEPARTAMENTO) VALUES (134, "Michael", "Rogers", "MROGERS", "650.127.1834", "2006-08-26", "ST_CLERK", 2900.00, 0.00, 122, 50);
INSERT INTO empleados (ID_EMPLEADO, NOMBRE, APELLIDO, EMAIL, TELEFONO, FECHA_EN, ID_TRABAJO, SALARIO, COMISION, ID_MANAGER, ID_DEPARTAMENTO) VALUES (135, "Ki", "Gee", "KGEE", "650.127.1734", "2007-12-12", "ST_CLERK", 2400.00, 0.00, 122, 50);
INSERT INTO empleados (ID_EMPLEADO, NOMBRE, APELLIDO, EMAIL, TELEFONO, FECHA_EN, ID_TRABAJO, SALARIO, COMISION, ID_MANAGER, ID_DEPARTAMENTO) VALUES (136, "Hazel", "Philtanker", "HPHILTAN", "650.127.1634", "2008-02-06", "ST_CLERK", 2200.00, 0.00, 122, 50);
INSERT INTO empleados (ID_EMPLEADO, NOMBRE, APELLIDO, EMAIL, TELEFONO, FECHA_EN, ID_TRABAJO, SALARIO, COMISION, ID_MANAGER, ID_DEPARTAMENTO) VALUES (137, "Renske", "Ladwig", "RLADWIG", "650.121.1234", "2003-07-14", "ST_CLERK", 3600.00, 0.00, 123, 50);
INSERT INTO empleados (ID_EMPLEADO, NOMBRE, APELLIDO, EMAIL, TELEFONO, FECHA_EN, ID_TRABAJO, SALARIO, COMISION, ID_MANAGER, ID_DEPARTAMENTO) VALUES (138, "Stephen", "Stiles", "SSTILES", "650.121.2034", "2005-10-26", "ST_CLERK", 3200.00, 0.00, 123, 50);
INSERT INTO empleados (ID_EMPLEADO, NOMBRE, APELLIDO, EMAIL, TELEFONO, FECHA_EN, ID_TRABAJO, SALARIO, COMISION, ID_MANAGER, ID_DEPARTAMENTO) VALUES (139, "John", "Seo", "JSEO", "650.121.2019", "2006-02-12", "ST_CLERK", 2700.00, 0.00, 123, 50);
INSERT INTO empleados (ID_EMPLEADO, NOMBRE, APELLIDO, EMAIL, TELEFONO, FECHA_EN, ID_TRABAJO, SALARIO, COMISION, ID_MANAGER, ID_DEPARTAMENTO) VALUES (140, "Joshua", "Patel", "JPATEL", "650.121.1834", "2006-04-06", "ST_CLERK", 2500.00, 0.00, 123, 50);
INSERT INTO empleados (ID_EMPLEADO, NOMBRE, APELLIDO, EMAIL, TELEFONO, FECHA_EN, ID_TRABAJO, SALARIO, COMISION, ID_MANAGER, ID_DEPARTAMENTO) VALUES (141, "Trenna", "Rajs", "TRAJS", "650.121.8009", "2003-10-17", "ST_CLERK", 3500.00, 0.00, 124, 50);
INSERT INTO empleados (ID_EMPLEADO, NOMBRE, APELLIDO, EMAIL, TELEFONO, FECHA_EN, ID_TRABAJO, SALARIO, COMISION, ID_MANAGER, ID_DEPARTAMENTO) VALUES (142, "Curtis", "Davies", "CDAVIES", "650.121.2994", "2005-01-29", "ST_CLERK", 3100.00, 0.00, 124, 50);
INSERT INTO empleados (ID_EMPLEADO, NOMBRE, APELLIDO, EMAIL, TELEFONO, FECHA_EN, ID_TRABAJO, SALARIO, COMISION, ID_MANAGER, ID_DEPARTAMENTO) VALUES (143, "Randall", "Matos", "RMATOS", "650.121.2874", "2006-03-15", "ST_CLERK", 2600.00, 0.00, 124, 50);
INSERT INTO empleados (ID_EMPLEADO, NOMBRE, APELLIDO, EMAIL, TELEFONO, FECHA_EN, ID_TRABAJO, SALARIO, COMISION, ID_MANAGER, ID_DEPARTAMENTO) VALUES (144, "Peter", "Vargas", "PVARGAS", "650.121.2004", "2006-07-09", "ST_CLERK", 2500.00, 0.00, 124, 50);
INSERT INTO empleados (ID_EMPLEADO, NOMBRE, APELLIDO, EMAIL, TELEFONO, FECHA_EN, ID_TRABAJO, SALARIO, COMISION, ID_MANAGER, ID_DEPARTAMENTO) VALUES (145, "John", "Russell", "JRUSSEL", "011.44.1344.429268", "2004-10-01", "SA_MAN", 14000.00, 0.40, 100, 80);
INSERT INTO empleados (ID_EMPLEADO, NOMBRE, APELLIDO, EMAIL, TELEFONO, FECHA_EN, ID_TRABAJO, SALARIO, COMISION, ID_MANAGER, ID_DEPARTAMENTO) VALUES (146, "Karen", "Partners", "KPARTNER", "011.44.1344.467268", "2005-01-05", "SA_MAN", 13500.00, 0.30, 100, 80);
INSERT INTO empleados (ID_EMPLEADO, NOMBRE, APELLIDO, EMAIL, TELEFONO, FECHA_EN, ID_TRABAJO, SALARIO, COMISION, ID_MANAGER, ID_DEPARTAMENTO) VALUES (147, "Alberto", "Errazuriz", "AERAZURIZ", "011.44.1344.432268", "2005-01-15", "SA_MAN", 12500.00, 0.20, 100, 80);
INSERT INTO empleados (ID_EMPLEADO, NOMBRE, APELLIDO, EMAIL, TELEFONO, FECHA_EN, ID_TRABAJO, SALARIO, COMISION, ID_MANAGER, ID_DEPARTAMENTO) VALUES (148, "James", "Macauley", "JMACAULEY", "011.44.1344.448268", "2006-01-25", "SA_MAN", 11500.00, 0.10, 100, 80);
INSERT INTO empleados (ID_EMPLEADO, NOMBRE, APELLIDO, EMAIL, TELEFONO, FECHA_EN, ID_TRABAJO, SALARIO, COMISION, ID_MANAGER, ID_DEPARTAMENTO) VALUES (149, "Victor", "Stewart", "VSTEWART", "011.44.1344.491268", "2007-01-20", "SA_MAN", 13500.00, 0.00, 100, 80);
INSERT INTO empleados (ID_EMPLEADO, NOMBRE, APELLIDO, EMAIL, TELEFONO, FECHA_EN, ID_TRABAJO, SALARIO, COMISION, ID_MANAGER, ID_DEPARTAMENTO) VALUES (150, "John", "Reynolds", "JREYNOLDS", "011.44.1344.492268", "2007-04-07", "SA_REP", 6500.00, 0.00, 145, 80);
INSERT INTO empleados (ID_EMPLEADO, NOMBRE, APELLIDO, EMAIL, TELEFONO, FECHA_EN, ID_TRABAJO, SALARIO, COMISION, ID_MANAGER, ID_DEPARTAMENTO) VALUES (151, "Patricia", "Freeman", "PJONES", "011.44.1344.493268", "2007-05-11", "SA_REP", 5800.00, 0.00, 145, 80);
INSERT INTO empleados (ID_EMPLEADO, NOMBRE, APELLIDO, EMAIL, TELEFONO, FECHA_EN, ID_TRABAJO, SALARIO, COMISION, ID_MANAGER, ID_DEPARTAMENTO) VALUES (152, "Regina", "Reyes", "RREYES", "011.44.1344.494268", "2007-07-01", "SA_REP", 5500.00, 0.00, 145, 80);
INSERT INTO empleados (ID_EMPLEADO, NOMBRE, APELLIDO, EMAIL, TELEFONO, FECHA_EN, ID_TRABAJO, SALARIO, COMISION, ID_MANAGER, ID_DEPARTAMENTO) VALUES (153, "Michael", "Hayes", "MHAYES", "011.44.1344.495268", "2007-09-05", "SA_REP", 4900.00, 0.00, 145, 80);
INSERT INTO empleados (ID_EMPLEADO, NOMBRE, APELLIDO, EMAIL, TELEFONO, FECHA_EN, ID_TRABAJO, SALARIO, COMISION, ID_MANAGER, ID_DEPARTAMENTO) VALUES (154, "Andrew", "Garcia", "AGARCI", "011.44.1344.496268", "2007-10-20", "SA_REP", 4800.00, 0.00, 145, 80);
INSERT INTO empleados (ID_EMPLEADO, NOMBRE, APELLIDO, EMAIL, TELEFONO, FECHA_EN, ID_TRABAJO, SALARIO, COMISION, ID_MANAGER, ID_DEPARTAMENTO) VALUES (155, "Matthew", "Ellis", "MELLIS", "011.44.1344.497268", "2007-11-15", "SA_REP", 4600.00, 0.00, 145, 80);
INSERT INTO empleados (ID_EMPLEADO, NOMBRE, APELLIDO, EMAIL, TELEFONO, FECHA_EN, ID_TRABAJO, SALARIO, COMISION, ID_MANAGER, ID_DEPARTAMENTO) VALUES (156, "Mark", "Smith", "MSMITH", "011.44.1344.498268", "2008-01-12", "SA_REP", 4500.00, 0.00, 145, 80);
INSERT INTO empleados (ID_EMPLEADO, NOMBRE, APELLIDO, EMAIL, TELEFONO, FECHA_EN, ID_TRABAJO, SALARIO, COMISION, ID_MANAGER, ID_DEPARTAMENTO) VALUES (157, "Catherine", "Huang", "CHUANG", "011.44.1344.499268", "2008-02-17", "SA_REP", 4400.00, 0.00, 145, 80);
INSERT INTO empleados (ID_EMPLEADO, NOMBRE, APELLIDO, EMAIL, TELEFONO, FECHA_EN, ID_TRABAJO, SALARIO, COMISION, ID_MANAGER, ID_DEPARTAMENTO) VALUES (158, "Natalie", "Rowe", "NROWE", "011.44.1344.500268", "2008-03-20", "SA_REP", 4300.00, 0.00, 145, 80);
INSERT INTO empleados (ID_EMPLEADO, NOMBRE, APELLIDO, EMAIL, TELEFONO, FECHA_EN, ID_TRABAJO, SALARIO, COMISION, ID_MANAGER, ID_DEPARTAMENTO) VALUES (159, "Amelia", "Wong", "AWONG", "011.44.1344.501268", "2008-04-23", "SA_REP", 4200.00, 0.00, 145, 80);
INSERT INTO empleados (ID_EMPLEADO, NOMBRE, APELLIDO, EMAIL, TELEFONO, FECHA_EN, ID_TRABAJO, SALARIO, COMISION, ID_MANAGER, ID_DEPARTAMENTO) VALUES (160, "Ethan", "Davis", "EDAVIS", "011.44.1344.502268", "2008-05-27", "SA_REP", 4100.00, 0.00, 145, 80);
INSERT INTO empleados (ID_EMPLEADO, NOMBRE, APELLIDO, EMAIL, TELEFONO, FECHA_EN, ID_TRABAJO, SALARIO, COMISION, ID_MANAGER, ID_DEPARTAMENTO) VALUES (161, "Brian", "Smith", "BSMITH", "011.44.1344.503268", "2008-06-30", "SA_REP", 4000.00, 0.00, 145, 80);
INSERT INTO empleados (ID_EMPLEADO, NOMBRE, APELLIDO, EMAIL, TELEFONO, FECHA_EN, ID_TRABAJO, SALARIO, COMISION, ID_MANAGER, ID_DEPARTAMENTO) VALUES (162, "Robert", "Brown", "RBROWN", "011.44.1344.504268", "2008-07-05", "SA_REP", 3900.00, 0.00, 145, 80);
INSERT INTO empleados (ID_EMPLEADO, NOMBRE, APELLIDO, EMAIL, TELEFONO, FECHA_EN, ID_TRABAJO, SALARIO, COMISION, ID_MANAGER, ID_DEPARTAMENTO) VALUES (163, "Julia", "Roberts", "JROBERTS", "011.44.1344.505268", "2008-08-11", "SA_REP", 3800.00, 0.00, 145, 80);
INSERT INTO empleados (ID_EMPLEADO, NOMBRE, APELLIDO, EMAIL, TELEFONO, FECHA_EN, ID_TRABAJO, SALARIO, COMISION, ID_MANAGER, ID_DEPARTAMENTO) VALUES (164, "Lisa", "Miller", "LMILLER", "011.44.1344.506268", "2008-09-15", "SA_REP", 3700.00, 0.00, 145, 80);
INSERT INTO empleados (ID_EMPLEADO, NOMBRE, APELLIDO, EMAIL, TELEFONO, FECHA_EN, ID_TRABAJO, SALARIO, COMISION, ID_MANAGER, ID_DEPARTAMENTO) VALUES (165, "Sarah", "Johnson", "SJOHNSON", "011.44.1344.507268", "2008-10-20", "SA_REP", 3600.00, 0.00, 145, 80);
INSERT INTO empleados (ID_EMPLEADO, NOMBRE, APELLIDO, EMAIL, TELEFONO, FECHA_EN, ID_TRABAJO, SALARIO, COMISION, ID_MANAGER, ID_DEPARTAMENTO) VALUES (166, "Maria", "Garcia", "MGARCI", "011.44.1344.508268", "2008-11-25", "SA_REP", 3500.00, 0.00, 145, 80);
INSERT INTO empleados (ID_EMPLEADO, NOMBRE, APELLIDO, EMAIL, TELEFONO, FECHA_EN, ID_TRABAJO, SALARIO, COMISION, ID_MANAGER, ID_DEPARTAMENTO) VALUES (167, "Emily", "Jones", "EJONES", "011.44.1344.509268", "2008-12-30", "SA_REP", 3400.00, 0.00, 145, 80);
INSERT INTO empleados (ID_EMPLEADO, NOMBRE, APELLIDO, EMAIL, TELEFONO, FECHA_EN, ID_TRABAJO, SALARIO, COMISION, ID_MANAGER, ID_DEPARTAMENTO) VALUES (168, "Alice", "Taylor", "ATAYLOR", "011.44.1344.510268", "2009-01-15", "SA_REP", 3300.00, 0.00, 145, 80);
INSERT INTO empleados (ID_EMPLEADO, NOMBRE, APELLIDO, EMAIL, TELEFONO, FECHA_EN, ID_TRABAJO, SALARIO, COMISION, ID_MANAGER, ID_DEPARTAMENTO) VALUES (169, "Daniel", "Wilson", "DWILSON", "011.44.1344.511268", "2009-02-10", "SA_REP", 3200.00, 0.00, 145, 80);
INSERT INTO empleados (ID_EMPLEADO, NOMBRE, APELLIDO, EMAIL, TELEFONO, FECHA_EN, ID_TRABAJO, SALARIO, COMISION, ID_MANAGER, ID_DEPARTAMENTO) VALUES (170, "Matthew", "Anderson", "MANDERSON", "011.44.1344.512268", "2009-03-05", "SA_REP", 3100.00, 0.00, 145, 80);
INSERT INTO empleados (ID_EMPLEADO, NOMBRE, APELLIDO, EMAIL, TELEFONO, FECHA_EN, ID_TRABAJO, SALARIO, COMISION, ID_MANAGER, ID_DEPARTAMENTO) VALUES (171, "Benjamin", "Moore", "BMOORE", "011.44.1344.513268", "2009-04-08", "SA_REP", 3000.00, 0.00, 145, 80);
INSERT INTO empleados (ID_EMPLEADO, NOMBRE, APELLIDO, EMAIL, TELEFONO, FECHA_EN, ID_TRABAJO, SALARIO, COMISION, ID_MANAGER, ID_DEPARTAMENTO) VALUES (172, "Joshua", "Taylor", "JTAYLOR", "011.44.1344.514268", "2009-05-13", "SA_REP", 2900.00, 0.00, 145, 80);
INSERT INTO empleados (ID_EMPLEADO, NOMBRE, APELLIDO, EMAIL, TELEFONO, FECHA_EN, ID_TRABAJO, SALARIO, COMISION, ID_MANAGER, ID_DEPARTAMENTO) VALUES (173, "Jason", "Martin", "JMA", "011.44.1344.515268", "2009-06-18", "SA_REP", 2800.00, 0.00, 145, 80);
INSERT INTO empleados (ID_EMPLEADO, NOMBRE, APELLIDO, EMAIL, TELEFONO, FECHA_EN, ID_TRABAJO, SALARIO, COMISION, ID_MANAGER, ID_DEPARTAMENTO) VALUES (174, "Lucas", "Lee", "LLEE", "011.44.1344.516268", "2009-07-24", "SA_REP", 2700.00, 0.00, 145, 80);
INSERT INTO empleados (ID_EMPLEADO, NOMBRE, APELLIDO, EMAIL, TELEFONO, FECHA_EN, ID_TRABAJO, SALARIO, COMISION, ID_MANAGER, ID_DEPARTAMENTO) VALUES (175, "Robert", "White", "RWHITE", "011.44.1344.517268", "2009-08-30", "SA_REP", 2600.00, 0.00, 145, 80);
INSERT INTO empleados (ID_EMPLEADO, NOMBRE, APELLIDO, EMAIL, TELEFONO, FECHA_EN, ID_TRABAJO, SALARIO, COMISION, ID_MANAGER, ID_DEPARTAMENTO) VALUES (176, "Samantha", "Clark", "SCLARK", "011.44.1344.518268", "2009-09-25", "SA_REP", 2500.00, 0.00, 145, 80);
INSERT INTO empleados (ID_EMPLEADO, NOMBRE, APELLIDO, EMAIL, TELEFONO, FECHA_EN, ID_TRABAJO, SALARIO, COMISION, ID_MANAGER, ID_DEPARTAMENTO) VALUES (177, "Rebecca", "Rivera", "RRIVERA", "011.44.1344.519268", "2009-10-12", "SA_REP", 2400.00, 0.00, 145, 80);
INSERT INTO empleados (ID_EMPLEADO, NOMBRE, APELLIDO, EMAIL, TELEFONO, FECHA_EN, ID_TRABAJO, SALARIO, COMISION, ID_MANAGER, ID_DEPARTAMENTO) VALUES (178, "Grace", "Hernandez", "GHERNANDEZ", "011.44.1344.520268", "2009-11-02", "SA_REP", 2300.00, 0.00, 145, 80);
INSERT INTO empleados (ID_EMPLEADO, NOMBRE, APELLIDO, EMAIL, TELEFONO, FECHA_EN, ID_TRABAJO, SALARIO, COMISION, ID_MANAGER, ID_DEPARTAMENTO) VALUES (179, "Jessica", "Scott", "JSCOTT", "011.44.1344.521268", "2009-12-14", "SA_REP", 2200.00, 0.00, 145, 80);
INSERT INTO empleados (ID_EMPLEADO, NOMBRE, APELLIDO, EMAIL, TELEFONO, FECHA_EN, ID_TRABAJO, SALARIO, COMISION, ID_MANAGER, ID_DEPARTAMENTO) VALUES (180, "Olivia", "Walker", "OWALKER", "011.44.1344.522268", "2010-01-18", "SA_REP", 2100.00, 0.00, 145, 80);
INSERT INTO empleados (ID_EMPLEADO, NOMBRE, APELLIDO, EMAIL, TELEFONO, FECHA_EN, ID_TRABAJO, SALARIO, COMISION, ID_MANAGER, ID_DEPARTAMENTO) VALUES (181, "Sophia", "Hall", "SHALL", "011.44.1344.523268", "2010-02-22", "SA_REP", 2000.00, 0.00, 145, 80);
INSERT INTO empleados (ID_EMPLEADO, NOMBRE, APELLIDO, EMAIL, TELEFONO, FECHA_EN, ID_TRABAJO, SALARIO, COMISION, ID_MANAGER, ID_DEPARTAMENTO) VALUES (182, "Mia", "Allen", "MALLEN", "011.44.1344.524268", "2010-03-30", "SA_REP", 1900.00, 0.00, 145, 80);
INSERT INTO empleados (ID_EMPLEADO, NOMBRE, APELLIDO, EMAIL, TELEFONO, FECHA_EN, ID_TRABAJO, SALARIO, COMISION, ID_MANAGER, ID_DEPARTAMENTO) VALUES (183, "Charlotte", "Young", "CYOUNG", "011.44.1344.525268", "2010-04-25", "SA_REP", 1800.00, 0.00, 145, 80);
INSERT INTO empleados (ID_EMPLEADO, NOMBRE, APELLIDO, EMAIL, TELEFONO, FECHA_EN, ID_TRABAJO, SALARIO, COMISION, ID_MANAGER, ID_DEPARTAMENTO) VALUES (184, "Elizabeth", "Hernandez", "EHERNANDEZ", "011.44.1344.526268", "2010-05-01", "SA_REP", 1700.00, 0.00, 145, 80);
INSERT INTO empleados (ID_EMPLEADO, NOMBRE, APELLIDO, EMAIL, TELEFONO, FECHA_EN, ID_TRABAJO, SALARIO, COMISION, ID_MANAGER, ID_DEPARTAMENTO) VALUES (185, "Ava", "Wright", "AWRIGHT", "011.44.1344.527268", "2010-05-15", "SA_REP", 1600.00, 0.00, 145, 80);
INSERT INTO empleados (ID_EMPLEADO, NOMBRE, APELLIDO, EMAIL, TELEFONO, FECHA_EN, ID_TRABAJO, SALARIO, COMISION, ID_MANAGER, ID_DEPARTAMENTO) VALUES (186, "Nora", "King", "NKING", "011.44.1344.528268", "2010-05-29", "SA_REP", 1500.00, 0.00, 145, 80);
INSERT INTO empleados (ID_EMPLEADO, NOMBRE, APELLIDO, EMAIL, TELEFONO, FECHA_EN, ID_TRABAJO, SALARIO, COMISION, ID_MANAGER, ID_DEPARTAMENTO) VALUES (187, "Zoe", "Brown", "ZBROWN", "011.44.1344.529268", "2010-06-10", "SA_REP", 1400.00, 0.00, 145, 80);
INSERT INTO empleados (ID_EMPLEADO, NOMBRE, APELLIDO, EMAIL, TELEFONO, FECHA_EN, ID_TRABAJO, SALARIO, COMISION, ID_MANAGER, ID_DEPARTAMENTO) VALUES (188, "Claire", "Thomas", "CTHOMAS", "011.44.1344.530268", "2010-06-18", "SA_REP", 1300.00, 0.00, 145, 80);
INSERT INTO empleados (ID_EMPLEADO, NOMBRE, APELLIDO, EMAIL, TELEFONO, FECHA_EN, ID_TRABAJO, SALARIO, COMISION, ID_MANAGER, ID_DEPARTAMENTO) VALUES (189, "Julia", "Harris", "JHARRIS", "011.44.1344.531268", "2010-06-25", "SA_REP", 1200.00, 0.00, 145, 80);
INSERT INTO empleados (ID_EMPLEADO, NOMBRE, APELLIDO, EMAIL, TELEFONO, FECHA_EN, ID_TRABAJO, SALARIO, COMISION, ID_MANAGER, ID_DEPARTAMENTO) VALUES (190, "Lily", "Martin", "LMARTIN", "011.44.1344.532268", "2010-07-01", "SA_REP", 1100.00, 0.00, 145, 80);
INSERT INTO empleados (ID_EMPLEADO, NOMBRE, APELLIDO, EMAIL, TELEFONO, FECHA_EN, ID_TRABAJO, SALARIO, COMISION, ID_MANAGER, ID_DEPARTAMENTO) VALUES (191, "Lily", "Wang", "LWANG", "011.44.1344.533268", "2010-07-09", "SA_REP", 1000.00, 0.00, 145, 80);
INSERT INTO empleados (ID_EMPLEADO, NOMBRE, APELLIDO, EMAIL, TELEFONO, FECHA_EN, ID_TRABAJO, SALARIO, COMISION, ID_MANAGER, ID_DEPARTAMENTO) VALUES (192, "Sophia", "Lee", "SLEE", "011.44.1344.534268", "2010-07-12", "SA_REP", 900.00, 0.00, 145, 80);
INSERT INTO empleados (ID_EMPLEADO, NOMBRE, APELLIDO, EMAIL, TELEFONO, FECHA_EN, ID_TRABAJO, SALARIO, COMISION, ID_MANAGER, ID_DEPARTAMENTO) VALUES (193, "Ethan", "Brown", "EBROWN", "011.44.1344.535268", "2010-07-15", "SA_REP", 800.00, 0.00, 145, 80);
INSERT INTO empleados (ID_EMPLEADO, NOMBRE, APELLIDO, EMAIL, TELEFONO, FECHA_EN, ID_TRABAJO, SALARIO, COMISION, ID_MANAGER, ID_DEPARTAMENTO) VALUES (194, "Liam", "Smith", "LSMITH", "011.44.1344.536268", "2010-07-19", "SA_REP", 700.00, 0.00, 145, 80);
INSERT INTO empleados (ID_EMPLEADO, NOMBRE, APELLIDO, EMAIL, TELEFONO, FECHA_EN, ID_TRABAJO, SALARIO, COMISION, ID_MANAGER, ID_DEPARTAMENTO) VALUES (195, "Lucas", "Davis", "LDAVIS", "011.44.1344.537268", "2010-07-23", "SA_REP", 600.00, 0.00, 145, 80);
INSERT INTO empleados (ID_EMPLEADO, NOMBRE, APELLIDO, EMAIL, TELEFONO, FECHA_EN, ID_TRABAJO, SALARIO, COMISION, ID_MANAGER, ID_DEPARTAMENTO) VALUES (196, "Charlotte", "Johnson", "CJOHNSON", "011.44.1344.538268", "2010-07-27", "SA_REP", 500.00, 0.00, 145, 80);
INSERT INTO empleados (ID_EMPLEADO, NOMBRE, APELLIDO, EMAIL, TELEFONO, FECHA_EN, ID_TRABAJO, SALARIO, COMISION, ID_MANAGER, ID_DEPARTAMENTO) VALUES (197, "Ava", "Martinez", "AMARTINEZ", "011.44.1344.539268", "2010-07-31", "SA_REP", 400.00, 0.00, 145, 80);
INSERT INTO empleados (ID_EMPLEADO, NOMBRE, APELLIDO, EMAIL, TELEFONO, FECHA_EN, ID_TRABAJO, SALARIO, COMISION, ID_MANAGER, ID_DEPARTAMENTO) VALUES (198, "Emma", "Anderson", "EANDERSON", "011.44.1344.540268", "2010-08-04", "SA_REP", 300.00, 0.00, 145, 80);
INSERT INTO empleados (ID_EMPLEADO, NOMBRE, APELLIDO, EMAIL, TELEFONO, FECHA_EN, ID_TRABAJO, SALARIO, COMISION, ID_MANAGER, ID_DEPARTAMENTO) VALUES (199, "Sophia", "White", "SWHITE", "011.44.1344.541268", "2010-08-08", "SA_REP", 200.00, 0.00, 145, 80);
INSERT INTO empleados (ID_EMPLEADO, NOMBRE, APELLIDO, EMAIL, TELEFONO, FECHA_EN, ID_TRABAJO, SALARIO, COMISION, ID_MANAGER, ID_DEPARTAMENTO) VALUES (200, "Oliver", "Taylor", "OTAYLOR", "011.44.1344.542268", "2010-08-12", "SA_REP", 100.00, 0.00, 145, 80);
INSERT INTO empleados (ID_EMPLEADO, NOMBRE, APELLIDO, EMAIL, TELEFONO, FECHA_EN, ID_TRABAJO, SALARIO, COMISION, ID_MANAGER, ID_DEPARTAMENTO) VALUES (201, "Michael", "Hartstein", "MHARTSTE", "515.123.5555", "2004-02-17", "MK_MAN", 13000.00, 0.00, 100, 20);
INSERT INTO empleados (ID_EMPLEADO, NOMBRE, APELLIDO, EMAIL, TELEFONO, FECHA_EN, ID_TRABAJO, SALARIO, COMISION, ID_MANAGER, ID_DEPARTAMENTO) VALUES (202, "Pat", "Fay", "PFAY", "603.123.6666", "2005-08-17", "MK_REP", 6000.00, 0.00, 201, 20);
INSERT INTO empleados (ID_EMPLEADO, NOMBRE, APELLIDO, EMAIL, TELEFONO, FECHA_EN, ID_TRABAJO, SALARIO, COMISION, ID_MANAGER, ID_DEPARTAMENTO) VALUES (203, "Susan", "Mavris", "SMAVRIS", "515.123.7777", "2002-06-07", "HR_REP", 6500.00, 0.00, 101, 40);
INSERT INTO empleados (ID_EMPLEADO, NOMBRE, APELLIDO, EMAIL, TELEFONO, FECHA_EN, ID_TRABAJO, SALARIO, COMISION, ID_MANAGER, ID_DEPARTAMENTO) VALUES (204, "Hermann", "Baer", "HBAER", "515.123.8888", "2002-06-07", "PR_REP", 10000.00, 0.00, 101, 70);
INSERT INTO empleados (ID_EMPLEADO, NOMBRE, APELLIDO, EMAIL, TELEFONO, FECHA_EN, ID_TRABAJO, SALARIO, COMISION, ID_MANAGER, ID_DEPARTAMENTO) VALUES (205, "Shelley", "Higgins", "SHIGGINS", "515.123.8080", "2002-06-07", "AC_MGR", 12008.00, 0.00, 101, 110);
INSERT INTO empleados (ID_EMPLEADO, NOMBRE, APELLIDO, EMAIL, TELEFONO, FECHA_EN, ID_TRABAJO, SALARIO, COMISION, ID_MANAGER, ID_DEPARTAMENTO) VALUES (206, "William", "Gietz", "WGIETZ", "515.123.8181", "2002-06-07", "AC_ACCOUNT", 8300.00, 0.00, 205, 110);

INSERT INTO locaciones (ID_LOCACION, DIRECCION, CODIGO_POSTAL, CIUDAD, ESTADO_PROVINCIA, ID_PAIS) VALUES (1000, "1297 Via Cola di Rie", 989, "Roma", NULL, "IT");
INSERT INTO locaciones (ID_LOCACION, DIRECCION, CODIGO_POSTAL, CIUDAD, ESTADO_PROVINCIA, ID_PAIS) VALUES (1100, "93091 Calle della Testa", 10934, "Venece", NULL, "IT");
INSERT INTO locaciones (ID_LOCACION, DIRECCION, CODIGO_POSTAL, CIUDAD, ESTADO_PROVINCIA, ID_PAIS) VALUES (1200, "2017 Shinjuku-ku", 1689, "Tokyo", "Tokyo Prefecture", "JP");
INSERT INTO locaciones (ID_LOCACION, DIRECCION, CODIGO_POSTAL, CIUDAD, ESTADO_PROVINCIA, ID_PAIS) VALUES (1300, "9450 Kamiya-cho", 6823, "Hiroshima", NULL, "JP");
INSERT INTO locaciones (ID_LOCACION, DIRECCION, CODIGO_POSTAL, CIUDAD, ESTADO_PROVINCIA, ID_PAIS) VALUES (1400, "2014 Jabberwocky Rd", 26192, "Southlake", "Texas", "US");
INSERT INTO locaciones (ID_LOCACION, DIRECCION, CODIGO_POSTAL, CIUDAD, ESTADO_PROVINCIA, ID_PAIS) VALUES (1500, "2011 Interiors Blvd", 99236, "South San Francisco", "California", "US");
INSERT INTO locaciones (ID_LOCACION, DIRECCION, CODIGO_POSTAL, CIUDAD, ESTADO_PROVINCIA, ID_PAIS) VALUES (1600, "2007 Zagora St", 50090, "South Brunswick", "New Jersey", "US");
INSERT INTO locaciones (ID_LOCACION, DIRECCION, CODIGO_POSTAL, CIUDAD, ESTADO_PROVINCIA, ID_PAIS) VALUES (1700, "2004 Charade Rd", 98199, "Seattle", "Washington", "US");
INSERT INTO locaciones (ID_LOCACION, DIRECCION, CODIGO_POSTAL, CIUDAD, ESTADO_PROVINCIA, ID_PAIS) VALUES (1800, "147 Spadina Ave", "M5V 2L7", "Toronto", "Ontario", "CA");
INSERT INTO locaciones (ID_LOCACION, DIRECCION, CODIGO_POSTAL, CIUDAD, ESTADO_PROVINCIA, ID_PAIS) VALUES (1900, "6092 Boxwood St", "YSW 9T2", "Whitehorse", "Yukon", "CA");
INSERT INTO locaciones (ID_LOCACION, DIRECCION, CODIGO_POSTAL, CIUDAD, ESTADO_PROVINCIA, ID_PAIS) VALUES (2000, "40-5-12 Laogianggen", 190518, "Beijing", NULL, "CN");
INSERT INTO locaciones (ID_LOCACION, DIRECCION, CODIGO_POSTAL, CIUDAD, ESTADO_PROVINCIA, ID_PAIS) VALUES (2100, "1298 Vileparle (E)", 490231, "Bombay", "Maharashtra", "IN");
INSERT INTO locaciones (ID_LOCACION, DIRECCION, CODIGO_POSTAL, CIUDAD, ESTADO_PROVINCIA, ID_PAIS) VALUES (2200, "12-98 Victoria Street", 2901, "Sydney", "New South Wales", "AU");
INSERT INTO locaciones (ID_LOCACION, DIRECCION, CODIGO_POSTAL, CIUDAD, ESTADO_PROVINCIA, ID_PAIS) VALUES (2300, "198 Clementi North", 540198, "Singapore", NULL, "SG");
INSERT INTO locaciones (ID_LOCACION, DIRECCION, CODIGO_POSTAL, CIUDAD, ESTADO_PROVINCIA, ID_PAIS) VALUES (2400, "8204 Arthur St", NULL, "London", NULL, "UK");
INSERT INTO locaciones (ID_LOCACION, DIRECCION, CIUDAD, ESTADO_PROVINCIA, CODIGO_POSTAL, ID_PAIS)VALUES (2500, '123 Example St', 'CityName', 'StateName', '12345', 'US');
INSERT INTO locaciones (ID_LOCACION, DIRECCION, CODIGO_POSTAL, CIUDAD, ESTADO_PROVINCIA, ID_PAIS) VALUES (2600, "9702 Chester Road", 9629850293, "Stretford", "Manchester", "UK");
INSERT INTO locaciones (ID_LOCACION, DIRECCION, CODIGO_POSTAL, CIUDAD, ESTADO_PROVINCIA, ID_PAIS) VALUES (2700, "Schwanthalerstr. 7031", 80925, "Munich", "Bavaria", "DE");
INSERT INTO locaciones (ID_LOCACION, DIRECCION, CODIGO_POSTAL, CIUDAD, ESTADO_PROVINCIA, ID_PAIS) VALUES (2800, "Rua Frei Caneca 1360", "01307-002", "Sao Paulo", "Sao Paulo", "BR");
INSERT INTO locaciones (ID_LOCACION, DIRECCION, CODIGO_POSTAL, CIUDAD, ESTADO_PROVINCIA, ID_PAIS) VALUES (2900, "20 Rue des Corps-Saints", 1730, "Geneva", "Geneve", "CH");
INSERT INTO locaciones (ID_LOCACION, DIRECCION, CODIGO_POSTAL, CIUDAD, ESTADO_PROVINCIA, ID_PAIS) VALUES (3000, "Murtenstrasse 921", 3095, "Bern", "BE", "CH");
INSERT INTO locaciones (ID_LOCACION, DIRECCION, CODIGO_POSTAL, CIUDAD, ESTADO_PROVINCIA, ID_PAIS) VALUES (3100, "Pieter Breughelstraat 837", "3029SK", "Utrecht", "Utrecht", "NL");
INSERT INTO locaciones (ID_LOCACION, DIRECCION, CODIGO_POSTAL, CIUDAD, ESTADO_PROVINCIA, ID_PAIS) VALUES (3200, "Mariano Escobedo 9991", 11932, "Mexico City", "Distrito Federal", "MX");

INSERT INTO departamentos (ID_DEPARTAMENTO, NOMBRE, ID_MANAGER, ID_LOCACION) VALUES (10, "Administration", 200, 1700);
INSERT INTO departamentos (ID_DEPARTAMENTO, NOMBRE, ID_MANAGER, ID_LOCACION) VALUES (20, "Marketing", 201, 1800);
INSERT INTO departamentos (ID_DEPARTAMENTO, NOMBRE, ID_MANAGER, ID_LOCACION) VALUES (30, "Purchasing", 114, 1700);
INSERT INTO departamentos (ID_DEPARTAMENTO, NOMBRE, ID_MANAGER, ID_LOCACION) VALUES (40, "Human Resources", 203, 2400);
INSERT INTO departamentos (ID_DEPARTAMENTO, NOMBRE, ID_MANAGER, ID_LOCACION) VALUES (50, "Shipping", 121, 1500);
INSERT INTO departamentos (ID_DEPARTAMENTO, NOMBRE, ID_MANAGER, ID_LOCACION) VALUES (60, "IT", 103, 1400);
INSERT INTO departamentos (ID_DEPARTAMENTO, NOMBRE, ID_MANAGER, ID_LOCACION) VALUES (70, "Public Relations", 204, 2700);
INSERT INTO departamentos (ID_DEPARTAMENTO, NOMBRE, ID_MANAGER, ID_LOCACION) VALUES (80, "Sales", 145, 2500);
INSERT INTO departamentos (ID_DEPARTAMENTO, NOMBRE, ID_MANAGER, ID_LOCACION) VALUES (90, "Executive", 100, 1700);
INSERT INTO departamentos (ID_DEPARTAMENTO, NOMBRE, ID_MANAGER, ID_LOCACION) VALUES (100, "Finance", 108, 1700);
INSERT INTO departamentos (ID_DEPARTAMENTO, NOMBRE, ID_MANAGER, ID_LOCACION) VALUES (110, "Accounting", 205, 1700);
INSERT INTO departamentos (ID_DEPARTAMENTO, NOMBRE, ID_MANAGER, ID_LOCACION) VALUES (120, "Treasury", NULL, 1700);
INSERT INTO departamentos (ID_DEPARTAMENTO, NOMBRE, ID_MANAGER, ID_LOCACION) VALUES (130, "Corporate Tax", NULL, 1700);
INSERT INTO departamentos (ID_DEPARTAMENTO, NOMBRE, ID_MANAGER, ID_LOCACION) VALUES (140, "Control And Credit", NULL, 1700);
INSERT INTO departamentos (ID_DEPARTAMENTO, NOMBRE, ID_MANAGER, ID_LOCACION) VALUES (150, "Shareholder Services", NULL, 1700);
INSERT INTO departamentos (ID_DEPARTAMENTO, NOMBRE, ID_MANAGER, ID_LOCACION) VALUES (160, "Benefits", NULL, 1700);
INSERT INTO departamentos (ID_DEPARTAMENTO, NOMBRE, ID_MANAGER, ID_LOCACION) VALUES (170, "Manufacturing", NULL, 1700);
INSERT INTO departamentos (ID_DEPARTAMENTO, NOMBRE, ID_MANAGER, ID_LOCACION) VALUES (180, "Construction", NULL, 1700);
INSERT INTO departamentos (ID_DEPARTAMENTO, NOMBRE, ID_MANAGER, ID_LOCACION) VALUES (190, "Contracting", NULL, 1700);
INSERT INTO departamentos (ID_DEPARTAMENTO, NOMBRE, ID_MANAGER, ID_LOCACION) VALUES (200, "Operations", NULL, 1700);
INSERT INTO departamentos (ID_DEPARTAMENTO, NOMBRE, ID_MANAGER, ID_LOCACION) VALUES (210, "IT Support", NULL, 1700);
INSERT INTO departamentos (ID_DEPARTAMENTO, NOMBRE, ID_MANAGER, ID_LOCACION) VALUES (220, "NOC", NULL, 1700);
INSERT INTO departamentos (ID_DEPARTAMENTO, NOMBRE, ID_MANAGER, ID_LOCACION) VALUES (230, "IT Helpdesk", NULL, 1700);
INSERT INTO departamentos (ID_DEPARTAMENTO, NOMBRE, ID_MANAGER, ID_LOCACION) VALUES (240, "Government Sales", NULL, 1700);
INSERT INTO departamentos (ID_DEPARTAMENTO, NOMBRE, ID_MANAGER, ID_LOCACION) VALUES (250, "Retail Sales", NULL, 1700);
INSERT INTO departamentos (ID_DEPARTAMENTO, NOMBRE, ID_MANAGER, ID_LOCACION) VALUES (260, "Recruiting", NULL, 1700);
INSERT INTO departamentos (ID_DEPARTAMENTO, NOMBRE, ID_MANAGER, ID_LOCACION) VALUES (270, "Payroll", NULL, 1700);